ID,Title,Description,Category,Price,Sale_Price,URL,ImageURL
189,Vortex Viper HD 12x50 Binocular [VOVPR5012HD],Vortex Viper HD 12x50 Binocular [VOVPR5012HD] The Viper HDs significantly step up their game in 2011 with HD (High Density) extra-low dispersion glass.,Binoculars,,,https://dccameras.com.au/collections/binoculars/products/vortex-viper-hd-12x50-binocular-vov203-vov203,https://cdn.shopify.com/s/files/1/0585/5661/2789/products/vortex_viper_hd_12x50_binocular.jpg?v=1628527097
190,Kowa BD42 8x42 Prominar XD Binoculars [KWPRO842],Kowa BD-42 8x42 Prominar XD Binoculars [KWPRO842] Kowa&#39;s roof prism binoculars use a Schmidt-Pechan prism.,Binoculars,"$1,450.00","$1,255.00",https://dccameras.com.au/collections/binoculars/products/kowa-bd-42-8x42-prominar-xd-binoculars-kwpro842-kwpro842,https://cdn.shopify.com/s/files/1/0585/5661/2789/products/kowa_bd-42_8x42_prominar_xd_binoculars_kwpro842.jpg?v=1628526985
191,Nikon Marine 7 x 50 IF HP WP Tropical (Black) Binoculars [BAA190EA],Nikon Marine 7 x 50 IF HP WP Tropical (Black) Binoculars [BAA190EA],Binoculars,"$1,408.00","$1,229.00",https://dccameras.com.au/collections/binoculars/products/nikon-marine-7-x-50-if-hp-wp-tropical-black-binoculars-baa190ea-baa190ea,https://cdn.shopify.com/s/files/1/0585/5661/2789/products/nikon-7-x-50-if-hp-wp-tropical-black-marine-binoculars-front-review-01.jpg?v=1628526915
192,Zeiss Victory Pocket 8x25 Black Binoculars,"Zeiss 8x25 Victory Pocket Binocular [522038-9901] Whether you are strolling in the park or on a long walking tour, you can always enjoy birdwatching and observing the natural world.",Binoculars,"$1,399.00","$1,199.00",https://dccameras.com.au/collections/binoculars/products/zeiss-8x25-victory-pocket-binocular-522038-9901-522038-9901,https://cdn.shopify.com/s/files/1/0585/5661/2789/products/zeiss_8x25_victory_pocket_binocular_522038-9901.jpg?v=1628526886
193,Kowa Prominar 10x32 DCF Binoculars with XD Lens [KWPRO1032],Kowa Prominar 10x32 DCF Binoculars with XD Lens [KWPRO1032] Kowa&#39;s roof prism binoculars use a Schmidt-Pechan prism.,Binoculars,"$1,350.00","$1,170.00",https://dccameras.com.au/collections/binoculars/products/kowa-prominar-10x32-dcf-binoculars-with-xd-lens-kwpro1032-kwpro1032,https://cdn.shopify.com/s/files/1/0585/5661/2789/products/kowa_prominar_10x32_dcf_binoculars_with_xd_lens_kwpro1032.jpg?v=1628526793
194,Vortex Viper HD 10x50 Binoculars,"Vortex Viper HD 10x50 Binoculars The Viper HD Premium optics and rugged construction in a tremendously compact, lightweight package What more could you need? Well, perhaps a quality chest harness to comfortably and securely carry your investment in",Binoculars,"$1,299.00","$1,089.00",https://dccameras.com.au/collections/binoculars/products/vortex-viper-hd-10x50-binocular-vov202,https://cdn.shopify.com/s/files/1/0585/5661/2789/products/vortex_viper_hd_10x50_binoculars_2_1.jpg?v=1628526680
195,Vortex Viper HD 10X42 Binocular,"Vortex Viper HD 10 X42 Binocular The ViperÂ® HD â€“ Premium optics and rugged construction in a tremendously compact, lightweight package â€“ What more could you need? Well, perhaps a quality chest harness to comfortably and securely carry your investment in",Binoculars,"$1,265.00",$899.00,https://dccameras.com.au/collections/binoculars/products/vortex-viper-hd-10x42-binocular-vov201,https://cdn.shopify.com/s/files/1/0585/5661/2789/products/vortex_viper_hd_10_x42_binocular_1.jpg?v=1628526569
196,Vortex Viper HD 8x42 Binocular [VOV200],Vortex Viper HD 8x42 Binocular [VOV200] The Viper HDs significantly step up their game in 2011 with HD (High Density) extra-low dispersion glass.,Binoculars,"$1,155.00",$950.00,https://dccameras.com.au/collections/binoculars/products/vortex-viper-hd-8x42-binocular-vov200-vov200,https://cdn.shopify.com/s/files/1/0585/5661/2789/products/vortex_viper_hd_6x42_binocular.jpg?v=1628526339
197,Kowa Prominar 8x32 DCF Binoculars with XD Lens [KWPRO832],"Kowa Prominar 8x32 DCF Binoculars with XD Lens [KWPRO832]Kowa&#39;s roof prism binoculars use a Schmidt-Pechan prism. One surface of the Pechan prism does not provide total reflection, so a highly reflective C3 coating has been applied. This allows for higher reflectivity than with silver or optically enhanced aluminum whi",Binoculars,"$1,130.00",$980.00,https://dccameras.com.au/collections/binoculars/products/kowa-prominar-8x32-dcf-binoculars-with-xd-lens-kwpro832-kwpro832,https://cdn.shopify.com/s/files/1/0585/5661/2789/products/kowa_prominar_8x32_dcf_binoculars_with_xd_lens_kwpro832.jpg?v=1628526266
198,Yukon Tracker 3x42 Night Vision Binoculars [YU25028],"Yukon Tracker 3x42 Night Vision Binoculars [YU25028]The Yukon Tracker 3x42 Night Vision Binoculars have greater magnification and light gathering capacity than the 2x24 LT model. Like all other Yukon night vision binoculars, the Tracker 3x42 features compact dimensions and light weight. Ergonomic, rough body of shock-p",Binoculars,,,https://dccameras.com.au/collections/binoculars/products/yukon-tracker-3x42-night-vision-binoculars-yu25028-yu25028,https://cdn.shopify.com/s/files/1/0585/5661/2789/products/yukon_tracker_3x42_with_covers.jpg?v=1628526228
199,Zeiss 10x42 Terra ED Binocular (Black) [5242049901],"Zeiss 10x42 Terra ED Binocular, 2017 Edition (Black)The black Zeiss 10x42 Terra ED Binocular features a redesigned ergonomic chassis that makes holding them more comfortable, especially during long glassing sessions. Optically, they retain the exceptional elements that are the hallmarks of the Terra ED including compac",Binoculars,$999.00,$749.00,https://dccameras.com.au/collections/binoculars/products/zeiss-10x42-terra-ed-binocular-black-524204-9901-524204-9901,https://cdn.shopify.com/s/files/1/0585/5661/2789/products/zeiss_10x42_terra_ed_binocular_2017_edition_black_5242049901_3.jpg?v=1628526024
200,"Zeiss 10x42 Terra ED Binocular, Black/Grey [5242049907]","NOT in stock Zeiss 10x42 Terra ED Binocular, Black/Grey [524204-9907] The black Zeiss Optics&#39; 10x42 Terra ED Binocular features a redesigned ergonomic chassis that makes holding them more comfortable, especially during long glassing sessions. Optically, they retain the exceptional elements that are the hallmarks of the",Binoculars,$999.00,$799.00,https://dccameras.com.au/collections/binoculars/products/zeiss-10x42-terra-ed-binocular-black-grey-524204-9907-524204-9907,https://cdn.shopify.com/s/files/1/0585/5661/2789/products/zeiss_terra_ed_10x42_grey_2017_ed.jpg?v=1628526009
201,Olympus 10x42 Pro Binocular,"Olympus 10x42 Pro Binocular Taking design inspiration from their OM-D DSLR cameras, the Olympus 10x42 Pro Binocular comes outfitted with a high magnification and generous objective lens configuration favored by hunters, birders, and outdoor enthusiasts who observe at long ranges but need an optic that allows them to mo",Binoculars,$999.00,$699.00,https://dccameras.com.au/collections/binoculars/products/olympus-10x42-pro-binocular-v501021bj000,https://cdn.shopify.com/s/files/1/0585/5661/2789/products/olympus_10x42_pro_binocular_1.jpg?v=1628525992
202,Zeiss 10x42 Terra ED Binocular (Green) [5242049908],"Zeiss 10x42 Terra ED Binocular, 2017 Edition (Green) [5242049908]The Zeiss 10x42 Terra ED Binocular features a redesigned ergonomic chassis that makes holding them more comfortable, especially during long glassing sessions. Optically, they retain the exceptional elements that are the hallmarks of the Terra ED including",Binoculars,$999.00,$799.00,https://dccameras.com.au/collections/binoculars/products/zeiss-10x42-terra-ed-binocular-green-524204-9908-524204-9908,https://cdn.shopify.com/s/files/1/0585/5661/2789/products/zeiss_10x42_terra_ed_binocular_2017_edition_green_5242049908.jpg?v=1628525989
203,Yukon Tracker 2x24 LT Night Vision Binoculars [YU25023],"Yukon Tracker 2x24 LT Night Vision Binoculars [YU25023]The Yukon Tracker 2x24 LT Night Vision Binoculars are compact, lightweight and provides a wide field of view. The water resistant body increases the binoculars&#39; versatility, while the central focusing knob and fixed eye span distance provide comfort and reliability",Binoculars,,,https://dccameras.com.au/collections/binoculars/products/yukon-tracker-2x24-lt-night-vision-binoculars-yu25023-yu25023,https://cdn.shopify.com/s/files/1/0585/5661/2789/products/yukon_tracker_2x24_lt.jpg?v=1628525900
204,Olympus 8x42 Pro Binocular,"Olympus 8x42 Pro Binocular Taking design inspiration from their OM-D DSLR cameras, the Olympus 8x42 Pro Binocular comes outfitted with a magnificationâ€“objective lens configuration favored by discerning amateurs and professionals all over the world. Extra-low dispersion (ED) glass with phase-correcting and dielectric",Binoculars,$899.00,$499.00,https://dccameras.com.au/collections/binoculars/products/olympus-8x42-pro-binocular-v501020bj000,https://cdn.shopify.com/s/files/1/0585/5661/2789/products/olympus_8x42_pro_binocular_1.jpg?v=1628525684
205,Bushnell 8x42 Legend MSeries Binocular [199842],"Bushnell 8x42 Legend M-Series Binocular [199842]The Legend M-Series sets a new standard for performance in the field with maximum brightness, definition and clarity Dielectric coating Ultra Wide Band coating RainGuardÂ® HD water-repellent lens coating Lead-Free glass Ultra wide field-of-view Long eye relief Lightweight",Binoculars,$899.00,$799.00,https://dccameras.com.au/collections/binoculars/products/bushnell-8x42-legend-m-series-binocular-199842-199842,https://cdn.shopify.com/s/files/1/0585/5661/2789/products/bushnell_8x42_legend_m-series_binocular.jpg?v=1628525642
206,Canon 8x25 IS Binoculars,"Canon 8x25 IS BinocularsÂ Â Availability: Ordered In Upon Purchase The world&#39;s smallest and lightest binoculars with built in Image Stabilizer, ideal for travel, sports and wildlife. The built in Image Stabilizer eliminates hand held shake and gives continuous operation for up to 6 hours. Modern and rounded design is b",Binoculars,,,https://dccameras.com.au/collections/binoculars/products/canon-8x25-is-binoculars-8x25is,https://cdn.shopify.com/s/files/1/0585/5661/2789/products/canon_8_x_25_is_hero.jpg?v=1628525483
207,Bushnell 6x 50mm Equinox Z Night Vision Monocular [260150],"Bushnell 6x 50mm Equinox Z Night Vision MonocularÂ Availability: Ordered In Upon Purchase The 6x50 Equinox Z Digital Night Vision Monocular from Bushnell uses an infrared-sensitive CMOS sensor and a micro LCD screen for its night vision capabilities, instead of a conventional intensifier tube. A built-in IR illuminator",Binoculars,$839.00,$675.00,https://dccameras.com.au/collections/binoculars/products/bushnell-6x-50mm-equinox-z-night-vision-monocular-260150-260150,https://cdn.shopify.com/s/files/1/0585/5661/2789/products/buishnell_6x_50mm_equinox_z_night_vision_monocular.jpg?v=1628525449
208,Vortex Viper 8x28 R/T Tactical Binocular [VOV828RT],"Vortex Viper 8x28 R/T Tactical Binocular [VOV828RT]The Viper R/T tactical binocular combines award-winning optics and required military features to create a tough, durable roof prism binocular-reliable in the worst conditions. XD (extra-low dispersion glass) objective lenses further enhance resolution and deliver the t",Binoculars,,,https://dccameras.com.au/collections/binoculars/products/vortex-viper-8x28-r-t-tactical-binocular-vov828rt-vov828rt,https://cdn.shopify.com/s/files/1/0585/5661/2789/products/vortex_viper_8x28_rt_tactical_binocular_vov828rt.jpg?v=1628525416
209,Zeiss 8x32 Terra ED Binocular [5232059906],Zeiss 8x32 Terra ED Binocular Australian Warranty Zeiss&#39;s 8x32 Terra ED Binocular combines SCHOTT ED extra low-dispersion glass elements and a compact weather-sealed housing to create a multi-purpose optic that delivers the image quality and streamlined silhouette for birders and hunters a set of smaller glasses that d,Binoculars,,,https://dccameras.com.au/collections/binoculars/products/zeiss-8x32-terra-ed-binocular-523205-9906-523205-9906,https://cdn.shopify.com/s/files/1/0585/5661/2789/products/zeiss_8x32_terra_ed_binocular_523205-9906.jpg?v=1628525341
210,Zeiss Terra ED 8x32 Binocular Black/Green,"Zeiss Terra ED 8x32 Binocular Black/Green The ZEISS TERRA ED 8x32 guarantees razor-sharp images thanks to its precise focus mechanism and 8x magnification, even when the image is only fleeting. With its compact size and weighing just 510 g, it&#39;s a comfortable fit for your hand. With a nearly indestructible casing and i",Binoculars,$790.00,$729.00,https://dccameras.com.au/collections/binoculars/products/zeiss-terra-ed-8x32-binocular-black-green-523203-9908,https://cdn.shopify.com/s/files/1/0585/5661/2789/products/zeiss_terra_ed_8x32_binocular_blackgreen_2.jpg?v=1628525167
211,Zeiss Terra ED 8x32 Binocular Black/Grey,"Zeiss Terra ED 8x32 Binocular Black/Grey The ZEISS TERRA ED 8x32 guarantees razor-sharp images thanks to its precise focus mechanism and 8x magnification, even when the image is only fleeting. With its compact size and weighing just 510 g, it&#39;s a comfortable fit for your hand. With a nearly indestructible casing and it",Binoculars,$790.00,$729.00,https://dccameras.com.au/collections/binoculars/products/zeiss-terra-ed-8x32-binocular-black-grey-523203-9907,https://cdn.shopify.com/s/files/1/0585/5661/2789/products/zeiss_terra_ed_8x32_binocular_black_grey_1.jpg?v=1628525164
212,Zeiss Terra ED Pocket 10x25 Binoculars,"Zeiss Terra ED Pocket 10x25 Binoculars TERRA ED Pocket 10x25 Are you ready for a true adventure? We are â€“ and we&#39;ll support you with the new TERRAÂ® ED Pocket from ZEISS. Thanks to its operating temperature range of -20 to +63Â°C and the waterproof body, these outdoor binoculars are a reliable companion even under ex",Binoculars,$775.00,$620.00,https://dccameras.com.au/collections/binoculars/products/zeiss-terra-ed-pocket-10x25-binoculars-522503-9907,https://cdn.shopify.com/s/files/1/0585/5661/2789/products/zeiss_terra_ed_pocket_6.jpg?v=1628525137
213,Kowa SV32 8x32 Binocular [KWSV328],"Kowa SV-32 8x32 Binocular [KWSV328]The Kowa SV 8x32 Binocular has a traditional roof prism design offering enhanced three-dimensional imaging, less light loss and generally sharper images. Full multi-coated lenses ensure crisp, clear images with maximum brightness while the Kowa KR coating inhibits reflections and incr",Binoculars,$770.00,$665.00,https://dccameras.com.au/collections/binoculars/products/kowa-sv-32-8x32-binocular-kwsv328-kwsv328,https://cdn.shopify.com/s/files/1/0585/5661/2789/products/kowa_sv-32_8x32_binocular_kwsv328_48a2ff62-d67b-4ca7-9eb9-60609035a2e6.jpg?v=1629363690
214,Canon 10x30 IS II Binoculars,"Canon 10x30 IS II Binoculars Compact and improved IS performance While maintaining the portability, 10x30 IS II is equipped with improved IS performance with more efficient power consumption.User can now enjoy up to 9 hours of stable and clear vision thanks to the improved battery life. 10x magnification 30mm objective",Binoculars,,,https://dccameras.com.au/collections/binoculars/products/canon-10x30-is-ii-binoculars-1030isii,https://cdn.shopify.com/s/files/1/0585/5661/2789/products/canon_10x30_image_stabilization_ii_binoculars.jpg?v=1628525111
215,Bushnell 10x42 Legend LSeries Binocular (Realtree Xtra Camo),"Bushnell 10x42 Legend L-Series Binocular (Realtree Xtra Camo) Quite possibly the best binocular system ever made in this class of optics. The Bushnell Legend Ultra-HD has three key ingredients that make it so: ED (Extra-low Dispersion) prime glass which produces a colour tuned, high resolution image. Ultra wide-band cu",Binoculars,$749.00,$695.00,https://dccameras.com.au/collections/binoculars/products/bushnell-10x42-legend-l-series-binocular-realtree-xtra-camo-191043,https://cdn.shopify.com/s/files/1/0585/5661/2789/products/bushnell_10x42_legend_l-series_binocular_realtree_xtra_camo.jpg?v=1628525041
216,Bushnell 10x42 Legend LSeries Binocular Realtree Xtra [198105],"Bushnell 10x42 Legend L-Series Binocular Realtree Xtra [198105]The Legend L Series sets a new standard for performance in the field with maximum brightness, definition and clarity. Available in Black (198104) or Realtree Xtra (198105) finishes ED Prime glass Ultra Wide Band coating RainGuardÂ® HD water-repellent lens c",Binoculars,$705.00,$629.00,https://dccameras.com.au/collections/binoculars/products/bushnell-10x42-legend-l-series-binocular-realtree-xtra-198105-198105,https://cdn.shopify.com/s/files/1/0585/5661/2789/products/bushnell_10x42_legend_l-series_binocular_realtree_xtra.jpg?v=1628524856
217,Kowa 10x42 SV42 Series Water Proof Roof Prism Binocular with 5.0 Degre,"Kowa 10x42 SV42 Series Water Proof Roof Prism Binocular with 5.0 Degree Angle of View, Black [KWSV4210]The Kowa SV 10x42 Binocular has a slightly larger magnification size of 10x allowing a closer detailed look at the subject of interest. A 42mm size objective is a comfortable size allowing enough light transmission to",Binoculars,$670.00,$580.00,https://dccameras.com.au/collections/binoculars/products/kowa-10x42-sv42-series-water-proof-roof-prism-binocular-with-5-0-degree-angle-of-view-black-kwsv4210-kwsv4210,https://cdn.shopify.com/s/files/1/0585/5661/2789/products/kowa_10x42_sv42_series_water_proof_roof_prism_binocular_with_5.0_degree_angle_of_view_black_kwsv4210_364d7765-a68c-4d4a-a542-44db50a280fa.jpg?v=1629363672
218,Nikon Monarch 12x42 DCF (Black) Binoculars [BAA762AC],"Close In On Your Target With Confidence These waterproof, fog-freeÂ NikonÂ binoculars are just the ticket for outdoor use.Bright, beautifully defined images are delivered by superior quality, multilayer coated lense.O-ring seals and nitrogen gas provide added resistance to the effects of changes in climate, while the d",Binoculars,,,https://dccameras.com.au/collections/binoculars/products/nikon-monarch-12x42-dcf-black-binoculars-baa762ac-baa762ac,https://cdn.shopify.com/s/files/1/0585/5661/2789/products/nikon-monarch-8.5-x-56-dcf-black-hunting-_-outdoor-binoculars-front-review-01_3.jpg?v=1628524409
219,Zeiss Mono 3x12 T* Monocular I  and Optics,"Small but powerful For sporting events, in the theatre or in the great outdoors, the Monos are the masters of versatility, fitting snugly in a jacket pocket or handbag. Depending on the model, they are ideal for use as magnifying glasses or even for binocular amplification. 522012 4047006201204",Binoculars,$899.00,$699.00,https://dccameras.com.au/collections/binoculars/products/carl-zeiss-mono-3x12-t-monocular-522012-522012,https://cdn.shopify.com/s/files/1/0585/5661/2789/products/zeiss_mono_3x12_t_monoculars.jpg?v=1628524406
220,Bushnell 8x42 Legend LSeries Binocular Black [198842],"Bushnell 8x42 Legend L-Series Binocular Black [198842]The Legend L Series sets a new standard for performance in the field with maximum brightness, definition and clarity. ED Prime glass Ultra Wide Band coating RainGuardÂ® HD water-repellent lens coating Lead-Free glass Ultra wide field-of-view Long eye relief Lightwei",Binoculars,$629.00,$510.00,https://dccameras.com.au/collections/binoculars/products/bushnell-8x42-legend-l-series-binocular-black-198842-198842,https://cdn.shopify.com/s/files/1/0585/5661/2789/products/bushnell_8x42_legend_l-series_binocular_black_1.jpg?v=1628524356
221,Nikon MONARCH 5 10x42 Binoculars,"Nikon MONARCH 5 10x42 Binoculars Made for intense use even under difficult light conditions, Nikon Monarch 5 10x42 binoculars deliver what serious hunters and nature watchers look for: sharp bright images, a rugged design and high-comfort handling. Nikon’s ED glass and multilayer-coated lenses make sure what you see is",Binoculars,$599.00,$520.00,https://dccameras.com.au/collections/binoculars/products/nikon-monarch-5-10x42-binoculars-baa831sa,https://cdn.shopify.com/s/files/1/0585/5661/2789/products/nikon_monarch_5_10x42_binoculars_a3c77521-d0dc-4ad2-8d62-57a500d41311.jpg?v=1629363663
222,Carl Zeiss Mono 6x18 T* Monocular [522051],"Carl Zeiss Mono 6x18 T* Monocular [522051] Small but powerful For sporting events, in the theatre or in the great outdoors, the Monos are the masters of versatility, fitting snugly in a jacket pocket or handbag. Depending on the model, they are ideal for use as magnifying glasses or even for binocular amplification. Th",Binoculars,,,https://dccameras.com.au/collections/binoculars/products/carl-zeiss-mono-6x18-t-monocular-522051-522051,https://cdn.shopify.com/s/files/1/0585/5661/2789/products/zeiss_mono_6x18_t_monoculars_1.jpg?v=1628524133
223,Diamondback HD 12x50 Binocular [VODB217],"Vortex Diamondback HD 12x50 Binocular [VODB217] The Diamondback HD binocular once again redefines the price vs performance ratio in the world of optics. Functionally, as well as aesthetically, the short hinge and upscale sleek new look not only grabs the eye, but leaves more room for your handsâ€”making them physically",Binoculars,$575.00,$499.00,https://dccameras.com.au/collections/binoculars/products/diamondback-hd-12x50-binocular-vodb217-vodb217,https://cdn.shopify.com/s/files/1/0585/5661/2789/products/vortex_diamondback_12x40_binocular.jpg?v=1628524066
224,Vortex Diamondback HD 10x50 Binocular [VODB216],"Vortex Diamondback HD 10x50 Binocular [VODB216]The Diamondback binocular once again redefines the price vs performance ratio in the world of optics. Functionally, as well as aesthetically, the short hinge and upscale sleek new look not only grabs the eye, but leaves more room for your handsâ€”making them physically eas",Binoculars,$550.00,$499.00,https://dccameras.com.au/collections/binoculars/products/vortex-diamondback-hd-10x50-binocular-vodb216-vodb216,https://cdn.shopify.com/s/files/1/0585/5661/2789/products/vortex_diamondback_10x50_binocular.jpg?v=1628523999
225,Nikon Binoculars PROSTAFF 5 8X42 [BAA820SA],"Close In On Your Target With Confidence These waterproof, fog-freeÂ NikonÂ binoculars are just the ticket for outdoor use.Bright, beautifully defined images are delivered by superior quality, multilayer coated lense.O-ring seals and nitrogen gas provide added resistance to the effects of changes in climate, while the d",Binoculars,$550.00,$499.00,https://dccameras.com.au/collections/binoculars/products/nikon-binoculars-prostaff-5-8x42-baa820sa-baa820sa,https://cdn.shopify.com/s/files/1/0585/5661/2789/products/prostaff.jpg?v=1628523996
226,Bushnell Trophy Xtreme 8x 56mm Binocular [335856],"Bushnell Trophy Xtreme 8x 56mm Binocular [335856]Great wide field of view. The ultimate objective lenses deliver a light gathering performance that must be seen to be believed. BaK-4 prisms Fully multi-coated lenses for maximum light transmission and optimum brightness Heavy-duty, 100% waterproof/fogproof construction",Binoculars,$539.00,$459.00,https://dccameras.com.au/collections/binoculars/products/bushnell-trophy-xtreme-8x-56mm-binocular-335856-335856,https://cdn.shopify.com/s/files/1/0585/5661/2789/products/bushnell_trophy_xtreme_8x_56mm_binocular_335856.jpg?v=1628523879
227,Carl Zeiss Mono 4x12 T* Monocular [522050],"Carl Zeiss Mono 4x12 T* Monocular [522050] Small but powerful For sporting events, in the theatre or in the great outdoors, the Monos are the masters of versatility, fitting snugly in a jacket pocket or handbag. Depending on the model, they are ideal for use as magnifying glasses or even for binocular amplification. Th",Binoculars,,,https://dccameras.com.au/collections/binoculars/products/carl-zeiss-mono-4x12-t-monocular-522050-522050,https://cdn.shopify.com/s/files/1/0585/5661/2789/products/zeiss_mono_4x12_t_monoculars_copy.jpg?v=1628523843
228,Carl Zeiss Mono 8x20 T* Monocular,"Carl Zeiss Mono 8x20 T* Monocular [522052] Small but powerful For sporting events, in the theatre or in the great outdoors, the Monos are the masters of versatility, fitting snugly in a jacket pocket or handbag. Depending on the model, they are ideal for use as magnifying glasses or even for binocular amplification. Th",Binoculars,,,https://dccameras.com.au/collections/binoculars/products/carl-zeiss-mono-8x20-t-monocular-522052,https://cdn.shopify.com/s/files/1/0585/5661/2789/products/zeiss_mono_8x20_t_monoculars_2.jpg?v=1628523777
229,Nikon Tripod/Monopod Adapter H (Hard Type) Binoculars [BAB90006],"Nikon Tripod/Monopod Adapter H (Hard Type) BinocularsÂ Availability: Ordered In Upon Purchase The hard [H] tripod adapter provides secure connection to a tripod. The adapter is suitable for the roof dach prism binoculars such as the Nikon High Grade series (8x42HG L DCF, 10x42HG L DCF, 8x32HG L DCF, 10x32HG L DCF) and",Binoculars,,,https://dccameras.com.au/collections/binoculars/products/nikon-tripod-monopod-adapter-h-hard-type-binoculars-bab90006-bab90006,https://cdn.shopify.com/s/files/1/0585/5661/2789/products/nikon_tripod_monopod_adapter_h_hard_type_binoculars_bab90006.jpg?v=1628523644
230,Vortex Diamondback HD 10x32 Binocular [VODB213],"Vortex Diamondback HD 10x32 Binocular [VODB213]The Diamondback binocular once again redefines the price vs performance ratio in the world of optics. Functionally, as well as aesthetically, the short hinge and upscale sleek new look not only grabs the eye, but leaves more room for your handsâ€”making them physically eas",Binoculars,$395.00,$349.00,https://dccameras.com.au/collections/binoculars/products/vortex-diamondback-hd-10x32-binocular-vodb213-vodb213,https://cdn.shopify.com/s/files/1/0585/5661/2789/products/vortex_diamondback_10x32_binocular.jpg?v=1628523605
231,Vortex Diamondback HD 10x42 Binocular [VODB215],"Vortex Diamondback HD 10x42 Binocular [VODB215]The Diamondback binocular once again redefines the price vs performance ratio in the world of optics. Functionally, as well as aesthetically, the short hinge and upscale sleek new look not only grabs the eye, but leaves more room for your handsâ€”making them physically eas",Binoculars,$499.00,$449.00,https://dccameras.com.au/collections/binoculars/products/vortex-diamondback-hd-10x42-binocular-vodb215-vodb215,https://cdn.shopify.com/s/files/1/0585/5661/2789/products/vortex_diamondback_10x42_binocular.jpg?v=1628523549
232,Nikon Monarch 8x36 DCF (Black) Binoculars [BAA615AA],"Close In On Your Target With Confidence These waterproof, fog-freeÂ NikonÂ binoculars are just the ticket for outdoor use.Bright, beautifully defined images are delivered by superior quality, multilayer coated lense.O-ring seals and nitrogen gas provide added resistance to the effects of changes in climate, while the d",Binoculars,$487.00,$389.00,https://dccameras.com.au/collections/binoculars/products/nikon-monarch-8x36-dcf-black-binoculars-baa615aa-baa615aa,https://cdn.shopify.com/s/files/1/0585/5661/2789/products/nikon-monarch-8x36-dcf-blk-hunting-outdoor-front-review-01.jpg?v=1628523465
233,Vortex Diamondback HD 8x42 Binocular [VODB214],"Vortex Diamondback HD 8x42 Binocular [VODB214]The Diamondback binocular once again redefines the price vs performance ratio in the world of optics. Functionally, as well as aesthetically, the short hinge and upscale sleek new look not only grabs the eye, but leaves more room for your handsâ€”making them physically easi",Binoculars,$475.00,$429.00,https://dccameras.com.au/collections/binoculars/products/vortex-diamondback-hd-8x42-binocular-vodb214-vodb214,https://cdn.shopify.com/s/files/1/0585/5661/2789/products/vortex_diamondback_8x42_binocular.jpg?v=1628523413
234,Nikon 10x50 CF WP (Black) Binoculars [BAA586AA],"Waterproof, fog-free Nikon binoculars 10x50 CF WP are ideal for outdoor use. Bright, beautifully defined images are delivered by superior quality, multilayer-coated objective lens. Originally designed for use under severe environment, for example, for marine use, nitrogen gas provides added resistance to the effects of",Binoculars,,,https://dccameras.com.au/collections/binoculars/products/nikon-10x50-cf-wp-black-binoculars-baa586aa-baa586aa,https://cdn.shopify.com/s/files/1/0585/5661/2789/products/nikon-10x50-cf-wp-binoculars-front-review-01.jpg?v=1628523316
235,Bushnell Legend Ultra HD 10x25 Binocular Black [190125],Bushnell Legend Ultra HD 10x25 Binocular Black [190125]Compact lightweight pocket sizes. 2012 Outdoor Life Great Buy award winner. BaK-4 roof prisms ED Prime glass Ultra Wide Band Coating RainGuardÂ® HD water-repellent lens coating Waterproof/fogproof Fully multi-coated optics PC-3Â® Phase Coated prism Twist-up eye cup,Binoculars,,,https://dccameras.com.au/collections/binoculars/products/bushnell-legend-ultra-hd-10x25-binocular-black-190125-190125,https://cdn.shopify.com/s/files/1/0585/5661/2789/products/bushnell_legend_ultra_hd_10x25_binocular_black.jpg?v=1628523209
236,Vortex Crossfire HD 10x50 Binocular,"Vortex Crossfire HD 10x50 Binocular You know what they say about people who assume you can&#39;t get HD optics, rugged performance and high end form-factor in a value-price binocular? They clearly haven&#39;t checked out the Crossfire HD. Add in the included GlassPakTM binocular harness for quick optic deployment in the field",Binoculars,$445.00,$399.00,https://dccameras.com.au/collections/binoculars/products/vortex-crossfire-hd-10x50-binocular-vocf4313,https://cdn.shopify.com/s/files/1/0585/5661/2789/products/vortex_crossfire_hd_10x50_binocular_2.png?v=1628523167
237,Bushnell 10x42 Legend ESeries Binocular [197104],"Bushnell 10x42 Legend E-Series Binocular [197104]The Legend E-Series puts excellence in the field into reach for a whole new segment of outdoor enthusiasts. Ultra Wide Band coating RainGuardÂ® HD water-repellent lens coating Lead-Free glass Ultra wide field-of-view Long eye relief Lightweight, magnesium chassis Waterpr",Binoculars,$445.00,$425.00,https://dccameras.com.au/collections/binoculars/products/bushnell-10x42-legend-e-series-binocular-197104-197104,https://cdn.shopify.com/s/files/1/0585/5661/2789/products/bushnell_10x42_legend_e-series_binocular.jpg?v=1628523164
238,Vortex Crossfire 10x50 Binocular [VOCF4303],"Vortex Crossfire 10x50 Binocular [VOCF4303]Need a quality, performance-driven binocular that won&#39;t break the bank? Enter the all-new Crossfire seriesâ€”an entirely new optical system, housing, and aesthetic push into a realm previously unheard of at this price point. Fully multi-coated lenses promote impressive optical",Binoculars,$430.00,$400.00,https://dccameras.com.au/collections/binoculars/products/vortex-crossfire-10x50-binocular-vocf4303-vocf4303,https://cdn.shopify.com/s/files/1/0585/5661/2789/products/vortex_crossfire_10x50_binocular.jpg?v=1628523086
239,Bushnell 8x42 Legend ESeries Binocular [197842],"Bushnell 8x42 Legend E-Series Binocular [197842]The Legend E-Series puts excellence in the field into reach for a whole new segment of outdoor enthusiasts. Ultra Wide Band coating RainGuardÂ® HD water-repellent lens coating Lead-Free glass Ultra wide field-of-view Long eye relief Lightweight, magnesium chassis Waterpro",Binoculars,$429.00,$409.00,https://dccameras.com.au/collections/binoculars/products/bushnell-8x42-legend-e-series-binocular-197842-197842,https://cdn.shopify.com/s/files/1/0585/5661/2789/products/bushnell_8x42_legend_e-series_binocular.jpg?v=1628523043
